symbol,timeframe,sl,tp,rsi_buy,rsi_sell,use_candlestick,win_rate,net_pips,profit_factor,num_trades,rr_ratio
EURUSDm,M15,15.0,4.0,45-60,40-55,True,83.17307692307693,167.0,1.318095238095238,208,0.26666666666666666
EURUSDm,M15,15.0,4.0,40-60,40-60,True,82.83261802575107,172.0,1.2866666666666666,233,0.26666666666666666
EURUSDm,M30,15.0,4.0,40-60,40-60,True,82.35294117647058,110.0,1.2444444444444445,170,0.26666666666666666
EURUSDm,M15,15.0,4.0,45-65,35-55,True,82.18181818181817,169.0,1.2299319727891156,275,0.26666666666666666
EURUSDm,M15,15.0,5.0,45-60,40-55,True,81.68316831683168,270.0,1.4864864864864864,202,0.3333333333333333
EURUSDm,M15,15.0,4.0,50-70,30-50,True,80.89887640449437,99.0,1.1294117647058823,267,0.26666666666666666
EURUSDm,M15,15.0,5.0,40-60,40-60,True,80.80357142857143,260.0,1.4031007751937985,224,0.3333333333333333
EURUSDm,M15,15.0,5.0,45-65,35-55,True,80.59701492537313,300.0,1.3846153846153846,268,0.3333333333333333
EURUSDm,M30,15.0,4.0,40-60,40-60,False,80.4953560371517,95.0,1.1005291005291005,323,0.26666666666666666
EURUSDm,M15,12.0,4.0,45-60,40-55,True,80.47619047619048,184.0,1.3739837398373984,210,0.3333333333333333
EURUSDm,M15,12.0,4.0,40-60,40-60,True,80.42553191489363,204.0,1.3695652173913044,235,0.3333333333333333
EURUSDm,M30,15.0,4.0,45-60,40-55,True,80.3921568627451,42.0,1.0933333333333333,153,0.26666666666666666
EURUSDm,M30,15.0,4.0,45-60,40-55,False,79.93079584775087,54.0,1.0620689655172413,289,0.26666666666666666
EURUSDm,M30,15.0,4.0,50-70,30-50,True,79.88826815642457,32.0,1.0592592592592593,179,0.26666666666666666
EURUSDm,M30,15.0,5.0,40-60,40-60,True,79.88165680473372,165.0,1.3235294117647058,169,0.3333333333333333
EURUSDm,M15,12.0,4.0,45-65,35-55,True,79.7153024911032,212.0,1.3099415204678362,281,0.3333333333333333
EURUSDm,M30,15.0,4.0,50-70,30-50,False,79.70588235294119,49.0,1.047342995169082,340,0.26666666666666666
EURUSDm,M30,15.0,5.0,40-60,40-60,False,79.55271565495208,285.0,1.296875,313,0.3333333333333333
EURUSDm,M30,15.0,4.0,45-65,35-55,True,79.45945945945945,18.0,1.0315789473684212,185,0.26666666666666666
EURUSDm,M15,15.0,5.0,50-70,30-50,True,78.84615384615384,200.0,1.2424242424242424,260,0.3333333333333333
EURUSDm,M15,15.0,4.0,45-60,40-55,False,78.80952380952381,-11.0,0.9917602996254682,420,0.26666666666666666
EURUSDm,M15,12.0,4.0,50-70,30-50,True,78.75457875457876,164.0,1.235632183908046,273,0.3333333333333333
EURUSDm,M30,12.0,4.0,40-60,40-60,True,78.61271676300578,100.0,1.2252252252252251,173,0.3333333333333333
EURUSDm,M15,15.0,6.0,45-60,40-55,True,78.53403141361257,285.0,1.4634146341463414,191,0.4
EURUSDm,M15,15.0,6.0,40-60,40-60,True,78.50467289719626,318.0,1.4608695652173913,214,0.4
EURUSDm,M15,15.0,4.0,45-65,35-55,False,78.4786641929499,-48.0,0.9724137931034482,539,0.26666666666666666
EURUSDm,M30,15.0,5.0,45-60,40-55,True,78.43137254901961,105.0,1.2121212121212122,153,0.3333333333333333
EURUSDm,M30,15.0,4.0,45-65,35-55,False,78.43137254901961,-35.0,0.9696969696969697,357,0.26666666666666666
EURUSDm,M15,15.0,4.0,50-70,30-50,False,78.13688212927757,-81.0,0.9530434782608695,526,0.26666666666666666
EURUSDm,M15,15.0,4.0,40-60,40-60,False,78.09110629067246,-75.0,0.9504950495049505,461,0.26666666666666666
EURUSDm,M30,15.0,5.0,50-70,30-50,True,78.08988764044943,110.0,1.188034188034188,178,0.3333333333333333
EURUSDm,M15,12.0,5.0,45-60,40-55,True,77.94117647058823,255.0,1.4722222222222223,204,0.4166666666666667
EURUSDm,M30,15.0,5.0,45-60,40-55,False,77.85714285714286,160.0,1.1720430107526882,280,0.3333333333333333
EURUSDm,M15,12.0,5.0,40-60,40-60,True,77.5330396475771,268.0,1.4379084967320261,227,0.4166666666666667
EURUSDm,M30,12.0,4.0,50-70,30-50,True,77.34806629834254,68.0,1.1382113821138211,181,0.3333333333333333
EURUSDm,M30,15.0,5.0,45-65,35-55,True,77.17391304347827,80.0,1.126984126984127,184,0.3333333333333333
EURUSDm,M15,15.0,5.0,45-60,40-55,False,77.02020202020202,160.0,1.1172161172161172,396,0.3333333333333333
EURUSDm,M30,15.0,5.0,50-70,30-50,False,76.96969696969697,130.0,1.1140350877192982,330,0.3333333333333333
EURUSDm,M15,15.0,5.0,45-65,35-55,False,76.8,180.0,1.103448275862069,500,0.3333333333333333
EURUSDm,M30,12.0,4.0,45-60,40-55,True,76.77419354838709,44.0,1.1018518518518519,155,0.3333333333333333
EURUSDm,M15,12.0,5.0,45-65,35-55,True,76.55677655677655,277.0,1.3606770833333333,273,0.4166666666666667
EURUSDm,M15,10.0,4.0,45-65,35-55,True,76.49122807017544,202.0,1.3014925373134327,285,0.4
EURUSDm,M15,10.0,4.0,45-60,40-55,True,76.41509433962264,148.0,1.296,212,0.4
EURUSDm,M15,10.0,4.0,40-60,40-60,True,76.37130801687763,164.0,1.292857142857143,237,0.4
EURUSDm,M30,12.0,5.0,40-60,40-60,True,76.16279069767442,163.0,1.33130081300813,172,0.4166666666666667
EURUSDm,M15,12.0,4.0,45-60,40-55,False,76.036866359447,72.0,1.0576923076923077,434,0.3333333333333333
EURUSDm,M15,15.0,6.0,45-65,35-55,True,75.98425196850394,243.0,1.2655737704918033,254,0.4
EURUSDm,M30,12.0,4.0,40-60,40-60,False,75.97597597597597,52.0,1.0541666666666667,333,0.3333333333333333
EURUSDm,M15,10.0,4.0,50-70,30-50,True,75.91240875912408,172.0,1.2606060606060605,274,0.4
EURUSDm,M15,12.0,4.0,45-65,35-55,False,75.89285714285714,80.0,1.0493827160493827,560,0.3333333333333333
EURUSDm,M15,12.0,5.0,50-70,30-50,True,75.84905660377359,237.0,1.30859375,265,0.4166666666666667
EURUSDm,M15,15.0,5.0,50-70,30-50,False,75.7085020242915,70.0,1.038888888888889,494,0.3333333333333333
EURUSDm,M15,15.0,7.0,45-60,40-55,True,75.66137566137566,311.0,1.4507246376811593,189,0.4666666666666667
EURUSDm,M30,15.0,6.0,45-60,40-55,False,75.64575645756457,240.0,1.2424242424242424,271,0.4
EURUSDm,M15,12.0,4.0,50-70,30-50,False,75.63636363636364,56.0,1.0348258706467661,550,0.3333333333333333
EURUSDm,M30,12.0,5.0,50-70,30-50,True,75.55555555555556,152.0,1.2878787878787878,180,0.4166666666666667
EURUSDm,M30,15.0,5.0,45-65,35-55,False,75.51020408163265,35.0,1.0277777777777777,343,0.3333333333333333
EURUSDm,M30,12.0,4.0,50-70,30-50,False,75.42857142857143,24.0,1.0232558139534884,350,0.3333333333333333
EURUSDm,M15,15.0,7.0,40-60,40-60,True,75.35545023696683,333.0,1.426923076923077,211,0.4666666666666667
EURUSDm,M15,15.0,5.0,40-60,40-60,False,75.34883720930232,30.0,1.0188679245283019,430,0.3333333333333333
EURUSDm,M30,15.0,6.0,40-60,40-60,False,75.24752475247524,243.0,1.216,303,0.4
EURUSDm,M15,12.0,4.0,40-60,40-60,False,75.05241090146751,4.0,1.0028011204481793,477,0.3333333333333333
EURUSDm,M30,12.0,4.0,45-65,35-55,True,75.0,0.0,1.0,188,0.3333333333333333
EURUSDm,M15,15.0,6.0,50-70,30-50,True,74.9003984063745,183.0,1.1936507936507936,251,0.4
EURUSDm,M30,12.0,5.0,45-60,40-55,True,74.83870967741936,112.0,1.2393162393162394,155,0.4166666666666667
EURUSDm,M30,15.0,6.0,50-70,30-50,False,74.6875,219.0,1.180246913580247,320,0.4
EURUSDm,M30,12.0,4.0,45-60,40-55,False,74.5819397993311,-20.0,0.9780701754385965,299,0.3333333333333333
EURUSDm,M30,12.0,5.0,40-60,40-60,False,74.53416149068323,216.0,1.2195121951219512,322,0.4166666666666667
EURUSDm,M15,10.0,5.0,45-60,40-55,True,74.27184466019418,235.0,1.4433962264150944,206,0.5
EURUSDm,M15,10.0,5.0,40-60,40-60,True,74.235807860262,260.0,1.4406779661016949,229,0.5
EURUSDm,M30,15.0,6.0,40-60,40-60,True,73.93939393939394,87.0,1.1348837209302325,165,0.4
EURUSDm,M30,15.0,6.0,45-65,35-55,False,73.87387387387388,171.0,1.1310344827586207,333,0.4
EURUSDm,M15,9.0,4.0,45-65,35-55,True,73.77622377622379,169.0,1.2503703703703704,286,0.4444444444444444
EURUSDm,M15,10.0,5.0,45-65,35-55,True,73.6462093862816,290.0,1.3972602739726028,277,0.5
EURUSDm,M15,15.0,7.0,45-65,35-55,True,73.6,298.0,1.301010101010101,250,0.4666666666666667
EURUSDm,M15,15.0,6.0,45-60,40-55,False,73.54497354497354,168.0,1.112,378,0.4
EURUSDm,M15,12.0,6.0,40-60,40-60,True,73.51598173515981,270.0,1.3879310344827587,219,0.5
EURUSDm,M15,9.0,4.0,50-70,30-50,True,73.38129496402878,150.0,1.2252252252252251,278,0.4444444444444444
EURUSDm,M30,15.0,6.0,45-60,40-55,True,73.33333333333333,60.0,1.1,150,0.4
EURUSDm,M15,10.0,5.0,50-70,30-50,True,73.30827067669173,265.0,1.3732394366197183,266,0.5
EURUSDm,M15,9.0,4.0,45-60,40-55,True,73.23943661971832,111.0,1.2163742690058479,213,0.4444444444444444
EURUSDm,M15,12.0,5.0,45-60,40-55,False,73.2360097323601,185.0,1.1401515151515151,411,0.4166666666666667
EURUSDm,M30,15.0,6.0,50-70,30-50,True,73.14285714285714,63.0,1.0893617021276596,175,0.4
EURUSDm,M15,12.0,6.0,45-60,40-55,True,72.95918367346938,222.0,1.349056603773585,196,0.5
EURUSDm,M15,9.0,4.0,40-60,40-60,True,72.91666666666666,115.0,1.1965811965811965,240,0.4444444444444444
EURUSDm,M15,12.0,5.0,45-65,35-55,False,72.81368821292776,199.0,1.115967365967366,526,0.4166666666666667
EURUSDm,M30,15.0,6.0,45-65,35-55,True,72.77777777777777,51.0,1.0693877551020408,180,0.4
EURUSDm,M30,12.0,5.0,45-65,35-55,True,72.72727272727273,68.0,1.1111111111111112,187,0.4166666666666667
EURUSDm,M15,10.0,4.0,45-60,40-55,False,72.7069351230425,80.0,1.0655737704918034,447,0.4
EURUSDm,M30,12.0,5.0,45-60,40-55,False,72.66435986159169,102.0,1.1075949367088607,289,0.4166666666666667
EURUSDm,M30,12.0,5.0,50-70,30-50,False,72.6470588235294,119.0,1.1066308243727598,340,0.4166666666666667
EURUSDm,M15,15.0,6.0,45-65,35-55,False,72.51585623678648,108.0,1.0553846153846154,473,0.4
EURUSDm,M15,15.0,7.0,50-70,30-50,True,72.35772357723577,226.0,1.2215686274509805,246,0.4666666666666667
EURUSDm,M15,15.0,8.0,45-60,40-55,True,72.3404255319149,308.0,1.3948717948717948,188,0.5333333333333333
EURUSDm,M15,10.0,4.0,45-65,35-55,False,72.33676975945016,74.0,1.0459627329192547,582,0.4
EURUSDm,M15,15.0,6.0,40-60,40-60,False,72.12713936430319,60.0,1.0350877192982457,409,0.4
EURUSDm,M30,12.0,4.0,45-65,35-55,False,72.11796246648794,-172.0,0.8621794871794872,373,0.3333333333333333
EURUSDm,M30,10.0,4.0,40-60,40-60,True,72.0,14.0,1.0285714285714285,175,0.4
EURUSDm,M15,12.0,5.0,50-70,30-50,False,71.78502879078695,106.0,1.060090702947846,521,0.4166666666666667
EURUSDm,M15,12.0,7.0,40-60,40-60,True,71.75925925925925,353.0,1.4822404371584699,216,0.5833333333333334
EURUSDm,M30,15.0,7.0,45-60,40-55,False,71.7557251908397,206.0,1.1855855855855857,262,0.4666666666666667
EURUSDm,M30,15.0,7.0,40-60,40-60,False,71.67235494880546,225.0,1.180722891566265,293,0.4666666666666667
EURUSDm,M15,12.0,7.0,45-60,40-55,True,71.64948453608247,313.0,1.4742424242424241,194,0.5833333333333334
EURUSDm,M15,15.0,8.0,40-60,40-60,True,71.63461538461539,307.0,1.3468926553672316,208,0.5333333333333333
EURUSDm,M15,10.0,4.0,50-70,30-50,False,71.5034965034965,6.0,1.003680981595092,572,0.4
EURUSDm,M15,10.0,4.0,40-60,40-60,False,71.37096774193549,-4.0,0.9971830985915493,496,0.4
EURUSDm,M30,10.0,4.0,50-70,30-50,True,71.35135135135135,-2.0,0.9962264150943396,185,0.4
EURUSDm,M30,15.0,7.0,45-60,40-55,True,71.23287671232876,98.0,1.1555555555555554,146,0.4666666666666667
EURUSDm,M15,12.0,5.0,40-60,40-60,False,71.17516629711751,45.0,1.0288461538461537,451,0.4166666666666667
EURUSDm,M30,15.0,7.0,50-70,30-50,True,71.09826589595376,111.0,1.148,173,0.4666666666666667
EURUSDm,M30,15.0,7.0,40-60,40-60,True,71.0691823899371,101.0,1.1463768115942028,159,0.4666666666666667
EURUSDm,M30,15.0,7.0,50-70,30-50,False,71.06109324758843,197.0,1.145925925925926,311,0.4666666666666667
EURUSDm,M30,10.0,4.0,45-60,40-55,True,70.96774193548387,-10.0,0.9777777777777777,155,0.4
EURUSDm,M30,10.0,4.0,40-60,40-60,False,70.76023391812866,-32.0,0.968,342,0.4
EURUSDm,M15,15.0,6.0,50-70,30-50,False,70.73684210526315,-69.0,0.9669064748201439,475,0.4
EURUSDm,M15,9.0,5.0,45-60,40-55,True,70.67307692307693,186.0,1.3387978142076502,208,0.5555555555555556
EURUSDm,M15,12.0,6.0,45-65,35-55,True,70.61068702290076,186.0,1.2012987012987013,262,0.5
EURUSDm,M15,9.0,5.0,45-65,35-55,True,70.60931899641577,247.0,1.334688346883469,279,0.5555555555555556
EURUSDm,M15,9.0,5.0,50-70,30-50,True,70.47970479704797,235.0,1.3263888888888888,271,0.5555555555555556
EURUSDm,M30,12.0,6.0,40-60,40-60,True,70.41420118343196,114.0,1.19,169,0.5
EURUSDm,M30,12.0,6.0,50-70,30-50,True,70.39106145251397,120.0,1.1886792452830188,179,0.5
EURUSDm,M30,9.0,4.0,45-60,40-55,True,70.3225806451613,22.0,1.0531400966183575,155,0.4444444444444444
EURUSDm,M30,9.0,4.0,40-60,40-60,True,70.28571428571428,24.0,1.0512820512820513,175,0.4444444444444444
EURUSDm,M15,12.0,6.0,50-70,30-50,True,70.27027027027027,168.0,1.1818181818181819,259,0.5
EURUSDm,M15,15.0,8.0,45-65,35-55,True,70.20408163265306,281.0,1.25662100456621,245,0.5333333333333333
EURUSDm,M30,12.0,6.0,50-70,30-50,False,70.18072289156626,210.0,1.1767676767676767,332,0.5
EURUSDm,M30,15.0,8.0,50-70,30-50,True,70.17543859649122,195.0,1.2549019607843137,171,0.5333333333333333
EURUSDm,M30,15.0,7.0,45-65,35-55,True,70.11494252873564,74.0,1.094871794871795,174,0.4666666666666667
EURUSDm,M30,15.0,7.0,45-65,35-55,False,70.0,128.0,1.0888888888888888,320,0.4666666666666667
