timeframe,sl,tp,rr_ratio,rsi_buy,rsi_sell,use_candlestick,win_rate,num_trades,final_balance,net_roi,max_drawdown
M15,8.0,20.0,2.5,30-70,30-70,False,31.309297912713475,527,773.3004061766891,54.66008123533782,19.8855679240889
M15,15.0,45.0,3.0,30-70,30-70,True,30.414746543778804,217,771.1541837436142,54.230836748722844,10.519181284795247
M15,10.0,30.0,3.0,30-70,30-70,False,27.880184331797235,434,769.2900276581402,53.85800553162803,17.773621063284352
M15,6.0,18.0,3.0,30-70,30-70,False,27.1523178807947,604,765.1744832465299,53.034896649305985,22.49508116623777
M15,6.0,18.0,3.0,40-60,40-60,False,27.727272727272727,440,753.5347766438937,50.70695532877873,24.529365956926913
M15,8.0,24.0,3.0,30-70,30-70,False,27.416173570019726,507,753.5218501905861,50.704370038117204,19.50532124035826
M15,10.0,25.0,2.5,45-60,40-55,True,35.35911602209944,181,749.2299976517844,49.845999530356885,10.953554191179729
M15,10.0,30.0,3.0,45-60,40-55,True,30.89887640449438,178,738.1528461246622,47.630569224932444,10.519181284795215
M15,8.0,24.0,3.0,45-60,40-55,True,30.526315789473685,190,736.8425962496743,47.36851924993486,13.994164535871127
M15,8.0,24.0,3.0,30-70,30-70,True,28.57142857142857,301,732.0456553347285,46.409131066945704,16.203400886870412
M15,10.0,30.0,3.0,30-70,30-70,True,28.832116788321166,274,727.7357372918626,45.54714745837252,17.724911742783366
M15,8.0,20.0,2.5,30-70,30-70,True,32.459016393442624,305,726.9135514010611,45.38271028021222,17.740282025009158
M15,8.0,16.0,2.0,30-70,30-70,False,35.94890510948905,548,726.3687392521826,45.27374785043653,19.388407484813076
M15,15.0,45.0,3.0,40-60,40-60,True,31.25,160,725.6089741408446,45.121794828168916,9.187666296925755
M15,10.0,20.0,2.0,45-60,40-55,True,40.43715846994536,183,723.8005784454061,44.760115689081225,10.466174574128338
M15,10.0,20.0,2.0,30-70,30-70,True,38.028169014084504,284,723.740379476761,44.74807589535219,10.519528783120357
M15,8.0,24.0,3.0,40-60,40-60,True,29.807692307692307,208,720.4707391778105,44.094147835562104,16.004666429773263
M30,15.0,45.0,3.0,30-70,30-70,True,30.76923076923077,169,717.5025632654763,43.50051265309526,8.648275251635924
M15,12.0,21.6,1.8,45-60,40-55,True,43.18181818181818,176,710.1017650531381,42.02035301062762,8.141808420365386
M15,15.0,45.0,3.0,45-60,40-55,True,31.292517006802722,147,705.7274256741119,41.145485134822394,11.832685725170625
M15,10.0,30.0,3.0,45-60,40-55,False,28.155339805825243,309,702.7838200760652,40.55676401521305,20.31026802795461
M15,10.0,18.0,1.8,45-60,40-55,True,42.62295081967213,183,699.8292997563186,39.965859951263724,10.466174574128305
M15,15.0,37.5,2.5,40-60,40-60,True,34.54545454545455,165,689.9718115255009,37.99436230510019,7.381122093387112
M15,15.0,37.5,2.5,45-60,40-55,True,34.868421052631575,152,684.256820839473,36.8513641678946,7.035428147344909
M15,12.0,24.0,2.0,45-60,40-55,True,39.6551724137931,174,682.460136463318,36.4920272926636,10.49285565410527
M15,10.0,25.0,2.5,45-60,40-55,False,31.746031746031743,315,680.649268300316,36.12985366006319,22.244858579887193
M15,10.0,25.0,2.5,40-60,40-60,True,33.33333333333333,198,677.0033334290961,35.40066668581922,11.844018649267914
M15,10.0,25.0,2.5,30-70,30-70,True,32.028469750889684,281,676.7683774244916,35.353675484898325,17.383137616441307
M15,12.0,36.0,3.0,40-60,40-60,False,27.906976744186046,301,676.2917775413007,35.25835550826014,12.920878251382806
M30,15.0,45.0,3.0,45-60,40-55,True,31.896551724137932,116,674.7263821624502,34.945276432490054,8.648275251635896
M15,6.0,9.0,1.5,30-70,30-70,True,43.714285714285715,350,673.6088807323291,34.72177614646582,11.42775111019105
M15,10.0,30.0,3.0,40-60,40-60,True,29.230769230769234,195,673.5171627205476,34.703432544109525,11.413989471947298
M15,15.0,45.0,3.0,30-70,30-70,False,27.85234899328859,298,669.9254757452948,33.98509514905895,18.402824480267615
M15,8.0,14.4,1.8,30-70,30-70,False,37.876106194690266,565,668.2635911984921,33.65271823969842,19.289559794721743
M15,10.0,20.0,2.0,40-60,40-60,True,38.5,200,667.2862339684025,33.4572467936805,12.45688064532756
M15,10.0,25.0,2.5,30-70,30-70,False,30.786516853932582,445,666.4683025508768,33.293660510175364,20.30098004438444
M15,6.0,15.0,2.5,30-70,30-70,False,30.258899676375407,618,665.4289697366459,33.08579394732917,24.207025035427993
M15,15.0,37.5,2.5,30-70,30-70,True,32.589285714285715,224,664.8544228215499,32.97088456430997,10.953554191179734
M15,6.0,9.0,1.5,45-60,40-55,False,42.88990825688073,436,662.648714397307,32.529742879461395,15.205362207438544
M30,12.0,36.0,3.0,45-60,40-55,True,30.952380952380953,126,660.5165408612015,32.103308172240304,8.648275251635885
M30,15.0,45.0,3.0,40-60,40-60,True,30.952380952380953,126,660.5165408612011,32.10330817224021,8.64827525163591
M15,10.0,30.0,3.0,40-60,40-60,False,27.492447129909365,331,660.0915236229662,32.018304724593236,20.31026802795465
M15,6.0,9.0,1.5,40-60,40-60,True,45.06437768240343,233,659.4917225754167,31.898344515083338,11.855253132498458
M30,10.0,30.0,3.0,30-70,30-70,True,28.708133971291865,209,658.9424429762371,31.788488595247415,17.627406521303595
M15,10.0,18.0,1.8,30-70,30-70,True,39.44636678200692,289,658.2270882386264,31.645417647725278,11.761387682787424
M30,10.0,30.0,3.0,40-60,40-60,True,30.0,150,658.1737371360427,31.63474742720855,9.66884506454462
M15,15.0,30.0,2.0,45-60,40-55,True,39.263803680981596,163,656.5461549761064,31.309230995221288,7.043147366637577
M15,12.0,30.0,2.5,45-60,40-55,True,33.52941176470588,170,656.1563274722299,31.23126549444598,11.668185803123677
M15,12.0,36.0,3.0,40-60,40-60,True,29.213483146067414,178,655.4509666567349,31.09019333134697,10.519181284795241
M30,15.0,30.0,2.0,30-70,30-70,True,38.67403314917127,181,655.3731246624666,31.074624932493318,8.675498065610926
M15,6.0,18.0,3.0,45-60,40-55,False,27.06766917293233,399,653.4793981332788,30.695879626655753,21.38699244582884
M15,6.0,15.0,2.5,40-60,40-60,False,30.648769574944073,447,653.2055833301151,30.641116666023027,26.540922850335257
M30,12.0,36.0,3.0,40-60,40-60,True,30.215827338129497,139,652.7506574489423,30.550131489788463,8.648275251635912
M15,12.0,18.0,1.5,45-60,40-55,True,46.32768361581921,177,652.422538252057,30.48450765041141,8.205219386606357
M30,12.0,30.0,2.5,40-60,40-60,True,34.26573426573427,143,651.850046289481,30.370009257896207,8.648275251635889
M30,12.0,30.0,2.5,30-70,30-70,True,32.82051282051282,195,650.8904232608973,30.17808465217945,15.07526020766743
M15,12.0,36.0,3.0,45-60,40-55,True,29.447852760736197,163,650.4353987426613,30.087079748532254,9.615334631106306
M15,15.0,22.5,1.5,45-60,40-55,True,46.470588235294116,170,649.5162939830404,29.90325879660809,6.863117128173286
M15,8.0,20.0,2.5,45-60,40-55,True,32.8125,192,647.9084247360505,29.581684947210103,14.536421807805617
M15,10.0,18.0,1.8,40-60,40-60,True,40.5940594059406,202,646.4145928504518,29.28291857009035,11.383325006663508
M15,12.0,30.0,2.5,30-70,30-70,True,31.782945736434108,258,645.8344622878052,29.16689245756104,19.677050604227226
M15,12.0,21.6,1.8,40-60,40-60,True,40.83769633507853,191,645.7637733553491,29.15275467106983,9.58404755296758
M15,10.0,15.0,1.5,30-70,30-70,True,43.666666666666664,300,643.2346423965648,28.646928479312965,11.725211362883098
M30,10.0,30.0,3.0,40-60,40-60,False,27.983539094650205,243,642.7770155677773,28.55540311355546,16.94305157907513
M15,12.0,24.0,2.0,40-60,40-60,True,38.095238095238095,189,641.9484271283716,28.389685425674315,11.387927097564216
M15,6.0,9.0,1.5,45-60,40-55,True,45.023696682464454,211,641.1012022746285,28.220240454925694,10.06555773135239
M30,10.0,25.0,2.5,45-60,40-55,True,34.05797101449276,138,639.4320289078252,27.88640578156503,9.64011911549965
M15,8.0,24.0,3.0,45-60,40-55,False,27.167630057803464,346,639.3492575794277,27.869851515885536,26.380840344558226
M15,10.0,15.0,1.5,45-60,40-55,True,45.65217391304348,184,639.2003631264507,27.840072625290148,9.56179249911956
M15,12.0,36.0,3.0,30-70,30-70,True,27.86885245901639,244,636.349245412101,27.269849082420205,18.595884852651455
M15,8.0,16.0,2.0,40-60,40-60,False,35.64356435643564,404,634.6661465438976,26.933229308779527,18.313551656416156
M30,10.0,30.0,3.0,45-60,40-55,True,29.850746268656714,134,634.1139168398007,26.82278336796014,9.56179249911957
M15,12.0,36.0,3.0,45-60,40-55,False,27.500000000000004,280,632.9666231799952,26.593324635999032,12.612414687655296
M15,15.0,30.0,2.0,30-70,30-70,True,36.92946058091287,241,632.3170173096604,26.463403461932078,11.519880418570065
M30,15.0,27.0,1.8,30-70,30-70,True,40.54054054054054,185,630.8480429726633,26.169608594532654,9.810424190107444
M15,15.0,30.0,2.0,40-60,40-60,True,38.06818181818182,176,630.1119608522876,26.022392170457508,8.72991935878268
M15,15.0,27.0,1.8,45-60,40-55,True,40.963855421686745,166,628.1566747919942,25.63133495839884,5.757099954732494
M15,8.0,12.0,1.5,30-70,30-70,True,43.125,320,626.4540935702937,25.290818714058744,18.84710794641897
M30,15.0,30.0,2.0,40-60,40-60,True,39.25925925925926,135,626.4192060040724,25.283841200814482,8.648275251635905
M15,12.0,30.0,2.5,40-60,40-60,True,32.432432432432435,185,626.3271711276828,25.26543422553657,12.551503945092476
M15,6.0,18.0,3.0,40-60,40-60,True,27.876106194690266,226,625.5353827908891,25.10707655817782,18.547662625355564
M15,10.0,15.0,1.5,40-60,40-60,True,44.6078431372549,204,622.5250595960777,24.50501191921553,12.47719903442662
M15,8.0,20.0,2.5,40-60,40-60,True,31.9047619047619,210,621.3006572467326,24.260131449346524,17.218352903823693
M30,15.0,37.5,2.5,45-60,40-55,True,34.18803418803419,117,619.2052130927036,23.841042618540722,8.648275251635901
M15,10.0,20.0,2.0,30-70,30-70,False,35.18123667377399,469,618.1551655144614,23.631033102892275,22.108343833935695
M15,8.0,16.0,2.0,30-70,30-70,True,35.8974358974359,312,615.50014727041,23.100029454082005,18.840665567783475
M30,8.0,24.0,3.0,45-60,40-55,True,29.078014184397162,141,614.9158351184968,22.983167023699366,13.330965531618286
M30,12.0,30.0,2.5,30-70,30-70,False,30.952380952380953,294,614.8741826900637,22.97483653801273,21.207236553312274
M15,15.0,22.5,1.5,40-60,40-60,True,44.80874316939891,183,614.2428687861263,22.848573757225267,8.716541097322658
M30,12.0,24.0,2.0,45-60,40-55,True,38.80597014925373,134,614.1364764745806,22.82729529491612,8.974414132523222
M15,12.0,30.0,2.5,40-60,40-60,False,30.844155844155846,308,613.809584884721,22.761916976944192,17.361681673029263
M30,12.0,24.0,2.0,40-60,40-60,True,38.35616438356164,146,613.4047529562731,22.68095059125462,8.72991935878273
M15,10.0,15.0,1.5,30-70,30-70,False,41.89723320158103,506,611.671397527422,22.334279505484393,21.580523924930873
M30,12.0,24.0,2.0,30-70,30-70,True,37.0,200,610.122770967905,22.024554193581004,14.198988720485461
M15,6.0,18.0,3.0,45-60,40-55,True,27.80487804878049,205,609.1168491752514,21.823369835050286,13.484806422666457
M15,12.0,21.6,1.8,30-70,30-70,True,38.66171003717472,269,608.9000714400188,21.780014288003755,13.321598902541668
M15,12.0,18.0,1.5,40-60,40-60,True,44.329896907216494,194,607.6460152812165,21.529203056243297,9.123167192740292
M15,6.0,12.0,2.0,30-70,30-70,False,34.6749226006192,646,607.3801565522909,21.47603131045819,25.222173388875813
M15,8.0,20.0,2.5,45-60,40-55,False,30.508474576271187,354,607.3028757650843,21.460575153016862,20.003508628978814
M30,15.0,37.5,2.5,30-70,30-70,True,32.16374269005848,171,605.9896046543504,21.197920930870076,9.043179593989622
M15,8.0,24.0,3.0,40-60,40-60,False,26.649076517150394,379,605.4995123012092,21.099902460241832,23.587550835162805
M30,10.0,25.0,2.5,40-60,40-60,True,32.467532467532465,154,604.2595348943128,20.85190697886255,11.438280745101165
M15,6.0,9.0,1.5,40-60,40-60,False,41.875,480,603.7592383950101,20.751847679002026,16.552111517010847
M30,15.0,30.0,2.0,40-60,40-60,False,36.71497584541063,207,603.6616000579712,20.732320011594243,8.675498065610956
M15,12.0,30.0,2.5,45-60,40-55,False,30.79584775086505,289,603.1605710524788,20.632114210495754,17.36168167302925
M30,12.0,30.0,2.5,45-60,40-55,True,33.07692307692307,130,603.0566990327804,20.61133980655609,8.648275251635908
M15,6.0,12.0,2.0,45-60,40-55,False,35.16746411483253,418,603.0217674474017,20.60435348948033,24.444326216157602
M15,6.0,12.0,2.0,40-60,40-60,True,36.40350877192983,228,602.4034871601496,20.48069743202991,20.004011766494198
M30,15.0,37.5,2.5,40-60,40-60,True,33.07086614173229,127,600.2938466037862,20.058769320757232,8.648275251635905
M15,8.0,16.0,2.0,45-60,40-55,False,35.342465753424655,365,600.202896090087,20.04057921801741,16.679822689544537
M30,15.0,30.0,2.0,30-70,30-70,False,35.95505617977528,267,600.073944170407,20.0147888340814,14.17341239737993
M15,12.0,36.0,3.0,30-70,30-70,False,26.595744680851062,376,599.7996165451784,19.959923309035684,17.724911742783423
M15,10.0,25.0,2.5,40-60,40-60,False,30.473372781065088,338,599.5133661154341,19.902673223086822,25.094871029255827
M15,15.0,27.0,1.8,40-60,40-60,True,39.66480446927375,179,599.3261935131154,19.865238702623085,9.265750162704627
M15,8.0,14.4,1.8,30-70,30-70,True,38.095238095238095,315,599.192420279464,19.838484055892806,19.249822642036584
M15,12.0,30.0,2.5,30-70,30-70,False,30.22670025188917,397,598.1123292386796,19.622465847735928,17.483337924741342
M15,15.0,45.0,3.0,40-60,40-60,False,27.125506072874494,247,593.4704331158969,18.694086623179373,13.228252990309752
M30,12.0,36.0,3.0,30-70,30-70,True,27.659574468085108,188,592.7781052915445,18.55562105830891,13.536026012720049
M30,10.0,25.0,2.5,30-70,30-70,True,31.16279069767442,215,590.8507430379734,18.170148607594683,19.23741746714506
M15,10.0,20.0,2.0,45-60,40-55,False,35.38461538461539,325,590.7185683168666,18.14371366337332,22.887260395596286
M15,8.0,20.0,2.5,40-60,40-60,False,30.15463917525773,388,589.9293330276205,17.985866605524098,18.52057459291886
M15,8.0,12.0,1.5,40-60,40-60,True,43.31797235023041,217,588.7174533415684,17.74349066831369,21.783804113676226
M15,6.0,12.0,2.0,40-60,40-60,False,34.84848484848485,462,588.5606624712569,17.712132494251385,26.03611479767333
M30,15.0,22.5,1.5,30-70,30-70,True,43.684210526315795,190,586.9719298913593,17.394385978271863,9.123167192740269
M15,8.0,16.0,2.0,45-60,40-55,True,36.45833333333333,192,586.7806293233733,17.356125864674663,13.254784724088289
M15,6.0,15.0,2.5,45-60,40-55,False,30.049261083743843,406,585.7021899114252,17.14043798228504,23.109047555442473
M30,15.0,27.0,1.8,40-60,40-60,True,40.14598540145985,137,585.0375630388473,17.007512607769467,8.648275251635903
M30,15.0,30.0,2.0,45-60,40-55,True,37.903225806451616,124,584.9086730633031,16.981734612660627,8.648275251635907
M30,15.0,22.5,1.5,45-60,40-55,False,43.34975369458128,203,583.4842007802981,16.696840156059626,10.998175703075496
M15,8.0,14.4,1.8,45-60,40-55,True,38.860103626943,193,582.1116846432625,16.4223369286525,14.101899472340895
M30,12.0,30.0,2.5,40-60,40-60,False,30.837004405286343,227,581.2542395639749,16.25084791279498,14.758284132390145
M15,6.0,15.0,2.5,40-60,40-60,True,30.837004405286343,227,581.2542395639746,16.250847912794917,19.237417467145058
H1,6.0,18.0,3.0,40-60,40-60,True,32.142857142857146,56,581.0017543234483,16.200350864689653,5.851985059899997
M30,15.0,22.5,1.5,45-60,40-55,True,44.96124031007752,129,580.8971840723727,16.17943681447455,8.648275251635898
M15,8.0,12.0,1.5,45-60,40-55,True,43.36734693877551,196,580.885045301822,16.17700906036439,16.20654916396999
M15,6.0,9.0,1.5,30-70,30-70,False,41.16788321167883,685,579.9323580564767,15.98647161129534,16.832362163301234
M30,12.0,21.6,1.8,40-60,40-60,True,39.59731543624161,149,579.7709090856914,15.954181817138283,9.265750162704608
M30,8.0,24.0,3.0,40-60,40-60,True,27.67295597484277,159,577.9034272887318,15.580685457746357,11.62358555259119
M15,12.0,24.0,2.0,30-70,30-70,True,35.471698113207545,265,576.7723415709409,15.354468314188171,16.548623854991227
M30,12.0,21.6,1.8,45-60,40-55,True,39.705882352941174,136,574.6930874644868,14.938617492897354,11.093245313187804
M30,15.0,22.5,1.5,40-60,40-60,True,44.285714285714285,140,574.6584569833426,14.93169139666852,8.648275251635908
M15,6.0,12.0,2.0,45-60,40-55,True,35.92233009708738,206,574.4184775638145,14.883695512762893,16.77217384186055
M30,6.0,18.0,3.0,45-60,40-55,True,27.77777777777778,144,573.481259903539,14.696251980707803,9.935922409948821
M15,8.0,14.4,1.8,40-60,40-60,True,38.31775700934579,214,572.9721159591826,14.594423191836517,18.782146175799962
M15,15.0,22.5,1.5,30-70,30-70,True,42.46031746031746,252,572.7165610603224,14.543312212064482,11.031436817363478
M15,10.0,15.0,1.5,40-60,40-60,False,41.711229946524064,374,570.3546905263975,14.070938105279494,20.433977735243356
M15,6.0,10.8,1.8,30-70,30-70,True,37.391304347826086,345,569.6858067474757,13.937161349495137,18.516285939632866
M15,10.0,18.0,1.8,40-60,40-60,False,37.32590529247911,359,568.9721916321006,13.794438326420117,19.915818097201587
M15,12.0,18.0,1.5,30-70,30-70,True,42.18181818181818,275,568.8880960251306,13.77761920502612,12.542603579784167
M15,8.0,16.0,2.0,40-60,40-60,True,35.68075117370892,213,568.3354134102262,13.667082682045248,18.91320039309313
M15,15.0,37.5,2.5,40-60,40-60,False,30.303030303030305,264,567.2245792312011,13.444915846240225,14.068652368690929
M30,8.0,24.0,3.0,30-70,30-70,True,26.81818181818182,220,567.0646726075785,13.412934521515696,21.757209712742664
M30,12.0,21.6,1.8,30-70,30-70,True,38.23529411764706,204,566.6712870104607,13.334257402092135,16.400906795002996
M15,10.0,20.0,2.0,40-60,40-60,False,34.85714285714286,350,566.2592736430961,13.25185472861922,22.956178643084133
M15,10.0,18.0,1.8,30-70,30-70,False,36.95198329853862,479,565.1392604111263,13.027852082225264,19.51328953809667
M30,10.0,30.0,3.0,30-70,30-70,False,26.299694189602445,327,563.7067393069508,12.741347861390159,24.170964751648842
M30,15.0,27.0,1.8,30-70,30-70,False,37.591240875912405,274,563.130972720656,12.626194544131202,14.768410502213614
M15,6.0,18.0,3.0,30-70,30-70,True,26.268656716417908,335,563.03947428415,12.60789485682999,25.460851514694493
M30,15.0,22.5,1.5,40-60,40-60,False,42.465753424657535,219,562.7901046895277,12.558020937905532,9.123167192740263
M30,10.0,20.0,2.0,45-60,40-55,True,36.42857142857142,140,561.1914986349543,12.238299726990864,9.884669991197912
M30,10.0,30.0,3.0,45-60,40-55,False,26.666666666666668,225,561.0616637763594,12.212332755271882,18.595884852651494
M15,15.0,27.0,1.8,30-70,30-70,True,37.704918032786885,244,560.1639543458821,12.032790869176416,11.87191950008651
M30,12.0,18.0,1.5,40-60,40-60,True,43.333333333333336,150,560.0854508927838,12.01709017855676,8.648275251635921
M30,10.0,25.0,2.5,40-60,40-60,False,30.241935483870968,248,559.9491298471127,11.989825969422533,20.114290587336864
H1,15.0,37.5,2.5,30-70,30-70,True,32.58426966292135,89,559.8526993941999,11.970539878839986,6.954843707821995
M30,15.0,30.0,2.0,45-60,40-55,False,35.56701030927835,194,558.1888802469011,11.637776049380227,12.326324703668458
M15,6.0,12.0,2.0,30-70,30-70,True,34.705882352941174,340,555.6527561766505,11.130551235330108,25.52734897013141
M15,8.0,12.0,1.5,30-70,30-70,False,41.01694915254237,590,555.6482470713137,11.129649414262735,21.170729964652146
M15,6.0,10.8,1.8,40-60,40-60,True,37.66233766233766,231,555.2578567921393,11.05157135842785,18.53633746977987
M30,6.0,18.0,3.0,40-60,40-60,True,26.993865030674847,163,555.1317264188802,11.026345283776049,9.989243045804496
M30,12.0,18.0,1.5,45-60,40-55,True,43.38235294117647,136,555.1067151617839,11.021343032356775,8.648275251635932
M15,8.0,12.0,1.5,45-60,40-55,False,41.361256544502616,382,553.2077677901354,10.64155355802709,21.609830281027985
M30,15.0,27.0,1.8,45-60,40-55,True,38.88888888888889,126,552.740275142029,10.548055028405793,8.6482752516359
M30,10.0,18.0,1.8,45-60,40-55,True,38.57142857142858,140,552.0478867929669,10.40957735859338,9.561792499119562
M30,12.0,36.0,3.0,30-70,30-70,False,26.258992805755394,278,551.1912317938348,10.238246358766968,20.357446739974073
M15,6.0,10.8,1.8,30-70,30-70,False,36.5558912386707,662,550.4451018376661,10.089020367533227,24.336904950942785
M15,10.0,18.0,1.8,45-60,40-55,False,37.08206686930091,329,550.407321350959,10.081464270191805,19.71480608861349
M15,10.0,15.0,1.5,45-60,40-55,False,41.39941690962099,343,549.3158341481025,9.863166829620491,20.669887774795725
M30,8.0,20.0,2.5,45-60,40-55,True,30.76923076923077,143,547.9038431799664,9.580768635993287,11.996652581405506
M15,8.0,14.4,1.8,40-60,40-60,False,36.829268292682926,410,547.5198680693068,9.503973613861353,22.644951705865736
M15,15.0,37.5,2.5,30-70,30-70,False,29.6875,320,544.0715301561743,8.814306031234857,24.42341015656268
M15,8.0,14.4,1.8,45-60,40-55,False,36.82795698924731,372,542.8580981625319,8.571619632506373,21.15379438768229
M15,12.0,24.0,2.0,45-60,40-55,False,34.56375838926174,298,541.5650662465578,8.313013249311552,21.321559428217896
M30,15.0,22.5,1.5,30-70,30-70,False,41.40350877192983,285,540.8047376565764,8.160947531315287,16.239614185873886
M30,15.0,27.0,1.8,40-60,40-60,False,37.32057416267943,209,538.8987555109744,7.779751102194882,9.60629713028705
M30,10.0,15.0,1.5,40-60,40-60,False,41.39194139194139,273,538.5969802281504,7.7193960456300825,15.549759377878262
M30,15.0,37.5,2.5,30-70,30-70,False,29.761904761904763,252,537.884899934109,7.576979986821788,15.00164493228427
H1,8.0,20.0,2.5,40-60,40-60,True,32.72727272727273,55,537.6526385952441,7.5305277190488145,5.8519850599000085
H1,6.0,18.0,3.0,40-60,40-60,False,26.618705035971225,139,535.4724944353278,7.09449888706556,11.46643504776024
M30,12.0,36.0,3.0,40-60,40-60,False,26.168224299065418,214,534.8294757086784,6.965895141735677,15.356970592798483
M30,10.0,15.0,1.5,45-60,40-55,False,41.365461847389554,249,534.2084671325277,6.841693426505549,16.923833726845867
M15,15.0,30.0,2.0,30-70,30-70,False,34.285714285714285,350,533.4397482675879,6.68794965351758,26.557187325520072
M30,10.0,20.0,2.0,40-60,40-60,True,35.03184713375796,157,533.0516600580492,6.61033201160983,9.93837072528149
H1,15.0,37.5,2.5,40-60,40-60,True,32.6530612244898,49,532.7375048809196,6.5475009761839145,6.096392068025172
H1,6.0,15.0,2.5,40-60,40-60,True,32.142857142857146,56,532.2761122092918,6.455222441858359,5.851985059900004
H1,6.0,15.0,2.5,40-60,40-60,False,30.215827338129497,139,532.0913842138793,6.418276842775867,12.301128088612518
M15,6.0,10.8,1.8,45-60,40-55,False,36.556603773584904,424,531.7933976975531,6.358679539510627,24.923999276599854
M30,15.0,37.5,2.5,40-60,40-60,False,29.84293193717277,191,531.3080642639788,6.2616128527957695,9.145550649096727
H1,15.0,30.0,2.0,30-70,30-70,True,35.869565217391305,92,531.1927681210171,6.238553624203428,8.920138623398786
M30,10.0,18.0,1.8,40-60,40-60,False,36.84210526315789,266,530.8415893592844,6.16831787185688,15.999464787980584
M15,6.0,15.0,2.5,45-60,40-55,True,29.756097560975608,205,530.3881534674288,6.0776306934857525,16.38217465032694
M30,12.0,30.0,2.5,45-60,40-55,False,29.71698113207547,212,529.92879551931,5.985759103862006,14.927965845004012
M30,10.0,18.0,1.8,40-60,40-60,True,37.34177215189873,158,529.630725039049,5.926145007809805,9.901228350225878
H1,15.0,30.0,2.0,40-60,40-60,True,37.254901960784316,51,528.079726643179,5.615945328635803,5.851985059900005
M30,10.0,15.0,1.5,45-60,40-55,True,41.843971631205676,141,527.9009627515302,5.5801925503060374,9.39450671376206
M15,15.0,37.5,2.5,45-60,40-55,False,29.527559055118108,254,527.18099042542,5.436198085083993,17.50476228172106
H1,6.0,18.0,3.0,45-60,40-55,True,28.26086956521739,46,527.0057421470569,5.401148429411387,6.793465209300982
M30,10.0,25.0,2.5,45-60,40-55,False,29.565217391304348,230,526.1315867103209,5.226317342064181,21.70401620464886
M15,6.0,10.8,1.8,45-60,40-55,True,36.84210526315789,209,524.0763928839532,4.815278576790638,13.949851472000324
M30,15.0,45.0,3.0,30-70,30-70,False,25.833333333333336,240,522.3271185369326,4.465423707386526,15.856749794933958
M30,15.0,45.0,3.0,40-60,40-60,False,25.945945945945947,185,521.4089121511445,4.281782430228896,9.989243045804486
H1,8.0,24.0,3.0,40-60,40-60,True,27.27272727272727,55,521.1181012388375,4.223620247767508,7.725530557208001
M30,8.0,20.0,2.5,40-60,40-60,True,29.629629629629626,162,520.1489513495055,4.029790269901104,11.744688116868526
M30,12.0,18.0,1.5,30-70,30-70,True,41.06280193236715,207,520.0886023855279,4.0177204771055814,14.315039300039478
M15,8.0,12.0,1.5,40-60,40-60,False,40.66193853427896,423,519.4731620656362,3.894632413127238,24.75498732433491
M15,12.0,24.0,2.0,40-60,40-60,False,34.06940063091483,317,519.4505680247338,3.8901136049467593,22.95617864308415
H1,6.0,9.0,1.5,40-60,40-60,True,42.857142857142854,56,518.1807144225006,3.636142884500123,5.395367187440512
M15,12.0,18.0,1.5,40-60,40-60,False,40.707964601769916,339,517.5567163811396,3.511343276227922,18.877435814849893
H1,10.0,20.0,2.0,40-60,40-60,True,35.714285714285715,56,517.4167039428347,3.483340788566943,5.851985059900003
M30,10.0,20.0,2.0,40-60,40-60,False,34.099616858237546,261,517.1764752183602,3.4352950436720446,17.702623702930474
H1,10.0,30.0,3.0,40-60,40-60,True,26.785714285714285,56,515.9069202264494,3.1813840452898834,7.725530557207996
M30,6.0,15.0,2.5,45-60,40-55,False,29.24187725631769,277,515.3487680434866,3.0697536086973285,28.47526839424703
M30,12.0,36.0,3.0,45-60,40-55,False,25.742574257425744,202,514.9734968731582,2.9946993746316366,14.552607884341743
M30,12.0,24.0,2.0,30-70,30-70,False,33.98692810457516,306,514.8695125230782,2.973902504615648,24.399274897643476
M15,6.0,10.8,1.8,40-60,40-60,False,36.247334754797436,469,514.0619379489112,2.8123875897822472,27.646221635623906
M30,12.0,24.0,2.0,40-60,40-60,False,34.05172413793103,232,513.5329882307877,2.7065976461575474,18.477017007604704
H1,12.0,30.0,2.5,40-60,40-60,False,29.508196721311474,122,512.4551875560028,2.4910375112005565,13.949486587415002
H1,8.0,20.0,2.5,45-60,40-55,True,30.434782608695656,46,512.1891177146069,2.4378235429213873,6.874189415324174
M30,10.0,15.0,1.5,40-60,40-60,True,40.88050314465409,159,511.64771945520965,2.3295438910419306,10.267027292871731
H1,6.0,10.8,1.8,40-60,40-60,True,37.5,56,511.5701001763785,2.3140200352757008,5.3300152018763205
H1,15.0,45.0,3.0,40-60,40-60,True,26.53061224489796,49,511.3531445995471,2.270628919909416,7.83475672333908
M30,15.0,37.5,2.5,45-60,40-55,False,29.2817679558011,181,511.2576018873094,2.2515203774618837,13.971828462028801
M15,15.0,30.0,2.0,40-60,40-60,False,33.935018050541515,277,511.24227799276997,2.2484555985539942,18.020874310892456
M30,10.0,18.0,1.8,45-60,40-55,False,36.36363636363637,242,511.20422723904744,2.240845447809488,14.380203788537498
M30,15.0,27.0,1.8,45-60,40-55,False,36.41025641025641,195,510.3009448874539,2.060188977490782,12.841041635950894
M30,12.0,24.0,2.0,45-60,40-55,False,33.95348837209302,215,509.3076222181974,1.8615244436394847,17.09402257466296
H1,15.0,27.0,1.8,40-60,40-60,True,37.254901960784316,51,508.7495211604668,1.7499042320933653,6.087705753413945
M30,12.0,18.0,1.5,40-60,40-60,False,40.562248995983936,249,508.2168639244735,1.6433727848947002,15.173661525335453
M30,8.0,16.0,2.0,45-60,40-55,True,34.02777777777778,144,507.8341560720953,1.5668312144190621,13.409769665071671
M30,12.0,21.6,1.8,40-60,40-60,False,36.25,240,507.23762898042014,1.447525796084028,17.320224806964408
M15,15.0,45.0,3.0,45-60,40-55,False,25.514403292181072,243,506.813480789267,1.3626961578533952,20.404597520780587
M30,12.0,18.0,1.5,45-60,40-55,False,40.52863436123348,227,506.520657484736,1.3041314969471955,15.519952831334644
H1,15.0,27.0,1.8,40-60,40-60,False,36.283185840707965,113,503.9215293581918,0.7843058716383553,16.50562693343046
M15,15.0,27.0,1.8,30-70,30-70,False,36.11111111111111,360,503.82057807149124,0.7641156142982481,24.012722697314086
M30,8.0,14.4,1.8,45-60,40-55,False,36.12167300380228,263,503.1779562163197,0.6355912432639457,23.956598179944287
M30,10.0,20.0,2.0,45-60,40-55,False,33.75,240,503.01375150693156,0.6027503013863111,19.60435024430654
M30,6.0,18.0,3.0,30-70,30-70,True,25.438596491228072,228,502.9352998695988,0.5870599739197587,18.644078530942167
H1,6.0,12.0,2.0,40-60,40-60,True,33.92857142857143,56,502.19856559157495,0.4397131183149895,5.851985059900003
M30,8.0,12.0,1.5,45-60,40-55,True,40.41095890410959,146,502.0285629093358,0.4057125818671579,14.76047256823817
H1,15.0,27.0,1.8,30-70,30-70,True,36.17021276595745,94,501.7716639749565,0.3543327949912964,11.583439182133477
M30,15.0,45.0,3.0,45-60,40-55,False,25.423728813559322,177,501.7539532802672,0.35079065605343657,11.884883420240792
M30,8.0,14.4,1.8,45-60,40-55,True,36.11111111111111,144,501.5247421987226,0.30494843974452124,12.862489731455314
H1,12.0,36.0,3.0,40-60,40-60,False,25.423728813559322,118,501.16861961669997,0.23372392333999414,12.457022513921247
M30,6.0,15.0,2.5,45-60,40-55,True,28.965517241379313,145,500.95347590466776,0.190695180933551,12.952141712859039
H1,15.0,22.5,1.5,40-60,40-60,True,40.38461538461539,52,500.5505283142448,0.11010566284895731,7.451126889731449
