timeframe,sl,tp,grid_step,multiplier,max_legs,target_profit,rsi_buy,rsi_sell,use_candlestick,win_rate,num_baskets,final_balance,net_roi,max_drawdown
M15,30.0,15.0,15.0,2.0,4,2.0,45-60,40-55,True,96.29629629629629,162,640.1708611295486,28.03417222590972,12.623999999999972
M15,30.0,20.0,15.0,2.0,4,2.0,45-60,40-55,True,95.54140127388536,157,597.2317902974164,19.44635805948328,22.03751020823621
M30,20.0,20.0,10.0,2.0,4,2.0,45-60,40-55,True,79.38931297709924,131,579.5775609805547,15.915512196110946,3.06277024209347
M15,30.0,20.0,10.0,2.0,3,2.0,45-60,40-55,True,95.15151515151516,165,578.5197472979175,15.70394945958351,6.999674844777837
M15,30.0,15.0,10.0,2.0,3,2.0,45-60,40-55,True,95.83333333333334,168,573.0984026873302,14.619680537466047,7.646149223337853
M15,30.0,20.0,10.0,1.5,3,2.0,45-60,40-55,True,93.90243902439023,164,568.3645362057521,13.672907241150414,4.797720531258534
M30,30.0,20.0,20.0,2.0,4,4.0,30-70,30-70,False,83.77192982456141,228,561.9426575973732,12.388531519474645,21.477790684938647
M30,20.0,15.0,10.0,2.0,4,2.0,45-60,40-55,True,80.59701492537313,134,558.3015187237818,11.660303744756357,4.073980247069257
M15,30.0,15.0,10.0,1.5,3,2.0,45-60,40-55,True,94.61077844311377,167,556.3666523695199,11.273330473903979,5.176163225992562
H1,30.0,20.0,10.0,1.5,4,2.0,30-70,30-70,False,89.937106918239,159,538.8747693351628,7.7749538670325595,11.292465547582285
M30,30.0,15.0,20.0,2.0,3,4.0,45-60,40-55,True,85.71428571428571,119,538.7816851898045,7.756337037960908,10.660846256171453
H1,30.0,15.0,10.0,2.0,4,2.0,45-60,40-55,True,92.85714285714286,42,537.7674503032682,7.553490060653643,0.6035784000000278
H1,30.0,15.0,10.0,1.5,4,4.0,30-70,30-70,False,90.9090909090909,165,537.6013566633529,7.520271332670586,17.640487100324982
M15,15.0,20.0,20.0,2.0,3,4.0,45-60,40-55,True,48.8235294117647,170,536.2248551758048,7.244971035160962,1.8999642959677394
M15,15.0,20.0,15.0,1.5,4,4.0,45-60,40-55,True,48.8235294117647,170,536.2248551758048,7.244971035160962,1.8999642959677394
M15,15.0,20.0,15.0,1.5,3,2.0,45-60,40-55,True,48.8235294117647,170,536.2248551758048,7.244971035160962,1.8999642959677394
M15,15.0,20.0,15.0,1.5,3,4.0,45-60,40-55,True,48.8235294117647,170,536.2248551758048,7.244971035160962,1.8999642959677394
M15,15.0,20.0,15.0,1.5,4,2.0,45-60,40-55,True,48.8235294117647,170,536.2248551758048,7.244971035160962,1.8999642959677394
M15,15.0,20.0,20.0,2.0,4,4.0,45-60,40-55,True,48.8235294117647,170,536.2248551758048,7.244971035160962,1.8999642959677394
M15,15.0,20.0,15.0,2.0,3,2.0,45-60,40-55,True,48.8235294117647,170,536.2248551758048,7.244971035160962,1.8999642959677394
M15,15.0,20.0,15.0,2.0,3,4.0,45-60,40-55,True,48.8235294117647,170,536.2248551758048,7.244971035160962,1.8999642959677394
M15,15.0,20.0,15.0,2.0,4,2.0,45-60,40-55,True,48.8235294117647,170,536.2248551758048,7.244971035160962,1.8999642959677394
M15,15.0,20.0,15.0,2.0,4,4.0,45-60,40-55,True,48.8235294117647,170,536.2248551758048,7.244971035160962,1.8999642959677394
M15,15.0,20.0,20.0,2.0,4,2.0,45-60,40-55,True,48.8235294117647,170,536.2248551758048,7.244971035160962,1.8999642959677394
M15,15.0,20.0,20.0,1.5,4,2.0,45-60,40-55,True,48.8235294117647,170,536.2248551758048,7.244971035160962,1.8999642959677394
M15,15.0,20.0,20.0,1.5,4,4.0,45-60,40-55,True,48.8235294117647,170,536.2248551758048,7.244971035160962,1.8999642959677394
M15,15.0,20.0,20.0,2.0,3,2.0,45-60,40-55,True,48.8235294117647,170,536.2248551758048,7.244971035160962,1.8999642959677394
M15,15.0,20.0,20.0,1.5,3,4.0,45-60,40-55,True,48.8235294117647,170,536.2248551758048,7.244971035160962,1.8999642959677394
M15,15.0,20.0,20.0,1.5,3,2.0,45-60,40-55,True,48.8235294117647,170,536.2248551758048,7.244971035160962,1.8999642959677394
H1,30.0,15.0,10.0,2.0,3,2.0,45-60,40-55,True,92.85714285714286,42,536.0568580160209,7.21137160320418,0.9197499199999953
M30,15.0,20.0,10.0,2.0,4,2.0,45-60,40-55,True,61.36363636363637,132,532.9415709090117,6.588314181802343,3.0609933287279665
M15,20.0,20.0,20.0,1.5,3,2.0,45-60,40-55,True,55.06329113924051,158,532.3730309632315,6.474606192646297,2.774401527385574
M15,20.0,20.0,20.0,1.5,3,4.0,45-60,40-55,True,55.06329113924051,158,532.3730309632315,6.474606192646297,2.774401527385574
M15,20.0,20.0,20.0,1.5,4,2.0,45-60,40-55,True,55.06329113924051,158,532.3730309632315,6.474606192646297,2.774401527385574
M15,20.0,20.0,20.0,1.5,4,4.0,45-60,40-55,True,55.06329113924051,158,532.3730309632315,6.474606192646297,2.774401527385574
M15,20.0,20.0,20.0,2.0,3,2.0,45-60,40-55,True,55.06329113924051,158,532.3730309632315,6.474606192646297,2.774401527385574
M15,20.0,20.0,20.0,2.0,3,4.0,45-60,40-55,True,55.06329113924051,158,532.3730309632315,6.474606192646297,2.774401527385574
M15,20.0,20.0,20.0,2.0,4,2.0,45-60,40-55,True,55.06329113924051,158,532.3730309632315,6.474606192646297,2.774401527385574
M15,20.0,20.0,20.0,2.0,4,4.0,45-60,40-55,True,55.06329113924051,158,532.3730309632315,6.474606192646297,2.774401527385574
M30,20.0,15.0,10.0,2.0,3,4.0,45-60,40-55,True,78.78787878787878,132,531.7662738023234,6.353254760464688,3.9439999999999906
H1,30.0,20.0,10.0,2.0,4,2.0,45-60,40-55,True,90.2439024390244,41,531.5953496556112,6.3190699311222485,2.1459999999999355
H1,15.0,15.0,10.0,2.0,4,4.0,30-70,30-70,False,58.46153846153847,195,531.3399565479389,6.267991309587774,2.3642862179411757
H1,15.0,15.0,10.0,2.0,3,4.0,30-70,30-70,False,58.46153846153847,195,531.3399565479389,6.267991309587774,2.3642862179411757
H1,30.0,20.0,10.0,2.0,4,4.0,30-70,30-70,False,89.30817610062893,159,530.7869767434888,6.157395348697765,23.514791121036048
H1,30.0,20.0,10.0,2.0,4,2.0,30-70,30-70,False,90.56603773584906,159,530.5154398887006,6.1030879777401195,13.976511122065006
H1,30.0,20.0,10.0,2.0,3,2.0,45-60,40-55,True,90.2439024390244,41,529.9043902928898,5.980878058577969,2.1459999999999355
H1,30.0,15.0,10.0,1.5,4,2.0,30-70,30-70,False,91.66666666666666,168,529.3490372019706,5.869807440394129,12.17153261257333
M30,20.0,15.0,10.0,2.0,3,2.0,45-60,40-55,True,79.69924812030075,133,528.21860021649,5.6437200432980035,4.751189692646684
M15,20.0,20.0,10.0,2.0,3,2.0,45-60,40-55,True,86.06060606060606,165,525.52248005983,5.104496011965989,6.5012997597682425
M30,20.0,20.0,10.0,2.0,3,2.0,45-60,40-55,True,77.6923076923077,130,524.9425880601716,4.98851761203432,6.908794404855227
H1,15.0,15.0,10.0,2.0,4,2.0,30-70,30-70,False,59.693877551020414,196,524.5558646042251,4.911172920845024,2.202169319850483
H1,15.0,15.0,10.0,2.0,3,2.0,30-70,30-70,False,59.693877551020414,196,524.5558646042251,4.911172920845024,2.202169319850483
M30,30.0,15.0,20.0,2.0,4,4.0,30-70,30-70,False,85.37549407114624,253,523.49112571634,4.698225143267996,21.710513816170135
H1,30.0,15.0,15.0,1.5,3,2.0,30-70,30-70,False,87.42138364779875,159,523.4041384263221,4.680827685264422,5.419378568354156
M15,20.0,15.0,10.0,2.0,3,2.0,45-60,40-55,True,87.5,168,522.6816936923173,4.536338738463451,6.706320120099542
M30,30.0,15.0,20.0,2.0,3,2.0,45-60,40-55,True,85.83333333333333,120,521.1292401029009,4.2258480205801785,10.897211960874834
M30,15.0,15.0,10.0,2.0,3,2.0,45-60,40-55,True,65.67164179104478,134,520.7229111033408,4.144582220668167,3.2323878746855965
M30,15.0,15.0,10.0,2.0,4,2.0,45-60,40-55,True,65.67164179104478,134,520.7229111033408,4.144582220668167,3.2323878746855965
H1,30.0,15.0,10.0,2.0,4,2.0,30-70,30-70,False,92.3076923076923,169,519.1954882380645,3.8390976476129026,14.74406376863771
H1,30.0,15.0,10.0,2.0,3,2.0,30-70,30-70,False,91.17647058823529,170,519.0404383733731,3.8080876746746295,14.224704289141016
M30,15.0,20.0,15.0,1.5,3,4.0,45-60,40-55,True,46.92307692307692,130,518.4327268086565,3.6865453617313055,2.667825782455785
M30,15.0,20.0,15.0,1.5,3,2.0,45-60,40-55,True,46.92307692307692,130,518.4327268086565,3.6865453617313055,2.667825782455785
M30,15.0,20.0,15.0,1.5,4,4.0,45-60,40-55,True,46.92307692307692,130,518.4327268086565,3.6865453617313055,2.667825782455785
M30,15.0,20.0,15.0,1.5,4,2.0,45-60,40-55,True,46.92307692307692,130,518.4327268086565,3.6865453617313055,2.667825782455785
M30,15.0,20.0,20.0,1.5,4,2.0,45-60,40-55,True,46.92307692307692,130,518.4327268086565,3.6865453617313055,2.667825782455785
M30,15.0,20.0,20.0,2.0,4,4.0,45-60,40-55,True,46.92307692307692,130,518.4327268086565,3.6865453617313055,2.667825782455785
M30,15.0,20.0,20.0,2.0,4,2.0,45-60,40-55,True,46.92307692307692,130,518.4327268086565,3.6865453617313055,2.667825782455785
M30,15.0,20.0,20.0,2.0,3,4.0,45-60,40-55,True,46.92307692307692,130,518.4327268086565,3.6865453617313055,2.667825782455785
M30,15.0,20.0,15.0,2.0,3,2.0,45-60,40-55,True,46.92307692307692,130,518.4327268086565,3.6865453617313055,2.667825782455785
M30,15.0,20.0,20.0,1.5,4,4.0,45-60,40-55,True,46.92307692307692,130,518.4327268086565,3.6865453617313055,2.667825782455785
M30,15.0,20.0,20.0,2.0,3,2.0,45-60,40-55,True,46.92307692307692,130,518.4327268086565,3.6865453617313055,2.667825782455785
M30,15.0,20.0,20.0,1.5,3,4.0,45-60,40-55,True,46.92307692307692,130,518.4327268086565,3.6865453617313055,2.667825782455785
M30,15.0,20.0,20.0,1.5,3,2.0,45-60,40-55,True,46.92307692307692,130,518.4327268086565,3.6865453617313055,2.667825782455785
M30,15.0,20.0,15.0,2.0,4,4.0,45-60,40-55,True,46.92307692307692,130,518.4327268086565,3.6865453617313055,2.667825782455785
M30,15.0,20.0,15.0,2.0,4,2.0,45-60,40-55,True,46.92307692307692,130,518.4327268086565,3.6865453617313055,2.667825782455785
M30,15.0,20.0,15.0,2.0,3,4.0,45-60,40-55,True,46.92307692307692,130,518.4327268086565,3.6865453617313055,2.667825782455785
M15,30.0,20.0,20.0,2.0,4,2.0,30-70,30-70,False,84.91228070175438,285,518.1934179581777,3.638683591635549,24.332113847817045
H1,30.0,15.0,10.0,2.0,3,4.0,30-70,30-70,False,89.88095238095238,168,518.1696946982561,3.6339389396512165,17.62844896124852
M30,15.0,15.0,10.0,2.0,4,4.0,45-60,40-55,True,65.41353383458647,133,517.8199650593747,3.5639930118749366,3.31409273706951
M30,15.0,15.0,10.0,2.0,3,4.0,45-60,40-55,True,65.41353383458647,133,517.8199650593747,3.5639930118749366,3.31409273706951
H1,15.0,15.0,10.0,1.5,3,2.0,30-70,30-70,False,59.183673469387756,196,517.1446201137437,3.4289240227487423,2.171143905032828
H1,15.0,15.0,10.0,1.5,4,2.0,30-70,30-70,False,59.183673469387756,196,517.1446201137437,3.4289240227487423,2.171143905032828
M15,15.0,15.0,15.0,1.5,3,2.0,45-60,40-55,True,53.179190751445084,173,516.3731659438379,3.274633188767575,2.390764682546838
M15,15.0,15.0,20.0,2.0,3,2.0,45-60,40-55,True,53.179190751445084,173,516.3731659438379,3.274633188767575,2.390764682546838
M15,15.0,15.0,15.0,1.5,4,2.0,45-60,40-55,True,53.179190751445084,173,516.3731659438379,3.274633188767575,2.390764682546838
M15,15.0,15.0,20.0,1.5,4,4.0,45-60,40-55,True,53.179190751445084,173,516.3731659438379,3.274633188767575,2.390764682546838
M15,15.0,15.0,15.0,2.0,3,2.0,45-60,40-55,True,53.179190751445084,173,516.3731659438379,3.274633188767575,2.390764682546838
M15,15.0,15.0,15.0,2.0,3,4.0,45-60,40-55,True,53.179190751445084,173,516.3731659438379,3.274633188767575,2.390764682546838
M15,15.0,15.0,15.0,2.0,4,2.0,45-60,40-55,True,53.179190751445084,173,516.3731659438379,3.274633188767575,2.390764682546838
M15,15.0,15.0,20.0,1.5,3,2.0,45-60,40-55,True,53.179190751445084,173,516.3731659438379,3.274633188767575,2.390764682546838
M15,15.0,15.0,15.0,1.5,4,4.0,45-60,40-55,True,53.179190751445084,173,516.3731659438379,3.274633188767575,2.390764682546838
M15,15.0,15.0,20.0,1.5,3,4.0,45-60,40-55,True,53.179190751445084,173,516.3731659438379,3.274633188767575,2.390764682546838
M15,15.0,15.0,20.0,2.0,4,4.0,45-60,40-55,True,53.179190751445084,173,516.3731659438379,3.274633188767575,2.390764682546838
M15,15.0,15.0,15.0,1.5,3,4.0,45-60,40-55,True,53.179190751445084,173,516.3731659438379,3.274633188767575,2.390764682546838
M15,15.0,15.0,15.0,2.0,4,4.0,45-60,40-55,True,53.179190751445084,173,516.3731659438379,3.274633188767575,2.390764682546838
M15,15.0,15.0,20.0,2.0,4,2.0,45-60,40-55,True,53.179190751445084,173,516.3731659438379,3.274633188767575,2.390764682546838
M15,15.0,15.0,20.0,2.0,3,4.0,45-60,40-55,True,53.179190751445084,173,516.3731659438379,3.274633188767575,2.390764682546838
M15,15.0,15.0,20.0,1.5,4,2.0,45-60,40-55,True,53.179190751445084,173,516.3731659438379,3.274633188767575,2.390764682546838
M15,20.0,20.0,10.0,1.5,3,2.0,45-60,40-55,True,84.24242424242424,165,514.9291737518262,2.985834750365234,6.179707428944113
H1,30.0,15.0,10.0,2.0,4,4.0,30-70,30-70,False,91.61676646706587,167,514.5598401893152,2.9119680378630393,24.272738329235395
H1,15.0,20.0,10.0,2.0,3,2.0,30-70,30-70,False,52.406417112299465,187,514.1706895377572,2.8341379075514395,3.336253972834352
H1,15.0,20.0,10.0,2.0,4,2.0,30-70,30-70,False,52.406417112299465,187,514.1706895377572,2.8341379075514395,3.336253972834352
M30,15.0,20.0,10.0,2.0,3,2.0,45-60,40-55,True,60.60606060606061,132,513.9018889423414,2.780377788468286,3.1760058286055077
M30,20.0,20.0,10.0,1.5,3,2.0,45-60,40-55,True,76.74418604651163,129,513.8938950916933,2.7787790183386503,4.523332543186089
M15,20.0,15.0,20.0,2.0,4,2.0,45-60,40-55,True,59.62732919254658,161,513.7082871623742,2.741657432474835,2.8772697575815154
M15,20.0,15.0,20.0,2.0,3,4.0,45-60,40-55,True,59.62732919254658,161,513.7082871623742,2.741657432474835,2.8772697575815154
M15,20.0,15.0,20.0,2.0,3,2.0,45-60,40-55,True,59.62732919254658,161,513.7082871623742,2.741657432474835,2.8772697575815154
M15,20.0,15.0,20.0,2.0,4,4.0,45-60,40-55,True,59.62732919254658,161,513.7082871623742,2.741657432474835,2.8772697575815154
M15,20.0,15.0,20.0,1.5,4,2.0,45-60,40-55,True,59.62732919254658,161,513.7082871623742,2.741657432474835,2.8772697575815154
M15,20.0,15.0,20.0,1.5,3,4.0,45-60,40-55,True,59.62732919254658,161,513.7082871623742,2.741657432474835,2.8772697575815154
M15,20.0,15.0,20.0,1.5,3,2.0,45-60,40-55,True,59.62732919254658,161,513.7082871623742,2.741657432474835,2.8772697575815154
M15,20.0,15.0,20.0,1.5,4,4.0,45-60,40-55,True,59.62732919254658,161,513.7082871623742,2.741657432474835,2.8772697575815154
M15,30.0,15.0,15.0,2.0,4,4.0,45-60,40-55,True,94.375,160,513.5279467964795,2.705589359295891,22.336703189455072
H1,15.0,15.0,10.0,1.5,4,4.0,30-70,30-70,False,57.21649484536082,194,513.3856927199391,2.6771385439878257,3.3358066554210524
H1,15.0,15.0,10.0,1.5,3,4.0,30-70,30-70,False,57.21649484536082,194,513.3856927199391,2.6771385439878257,3.3358066554210524
H1,30.0,20.0,15.0,1.5,3,2.0,30-70,30-70,False,84.66666666666667,150,512.9905995568795,2.5981199113758975,7.64893374167577
H1,30.0,15.0,15.0,2.0,4,4.0,45-60,40-55,True,87.8048780487805,41,512.8246457606836,2.56492915213671,5.559999999999613
M30,20.0,15.0,10.0,1.5,3,2.0,45-60,40-55,True,78.78787878787878,132,512.224144392041,2.4448288784082024,3.434599300256162
M30,15.0,15.0,15.0,1.5,3,4.0,45-60,40-55,True,53.03030303030303,132,511.84107053923077,2.368214107846154,1.4981193821689325
M30,15.0,15.0,15.0,2.0,4,2.0,45-60,40-55,True,53.03030303030303,132,511.84107053923077,2.368214107846154,1.4981193821689325
M30,15.0,15.0,20.0,1.5,3,2.0,45-60,40-55,True,53.03030303030303,132,511.84107053923077,2.368214107846154,1.4981193821689325
M30,15.0,15.0,20.0,1.5,3,4.0,45-60,40-55,True,53.03030303030303,132,511.84107053923077,2.368214107846154,1.4981193821689325
M30,15.0,15.0,20.0,1.5,4,2.0,45-60,40-55,True,53.03030303030303,132,511.84107053923077,2.368214107846154,1.4981193821689325
M30,15.0,15.0,15.0,2.0,3,4.0,45-60,40-55,True,53.03030303030303,132,511.84107053923077,2.368214107846154,1.4981193821689325
M30,15.0,15.0,15.0,1.5,4,2.0,45-60,40-55,True,53.03030303030303,132,511.84107053923077,2.368214107846154,1.4981193821689325
M30,15.0,15.0,20.0,2.0,4,4.0,45-60,40-55,True,53.03030303030303,132,511.84107053923077,2.368214107846154,1.4981193821689325
M30,15.0,15.0,20.0,1.5,4,4.0,45-60,40-55,True,53.03030303030303,132,511.84107053923077,2.368214107846154,1.4981193821689325
M30,15.0,15.0,15.0,1.5,4,4.0,45-60,40-55,True,53.03030303030303,132,511.84107053923077,2.368214107846154,1.4981193821689325
M30,15.0,15.0,20.0,2.0,3,2.0,45-60,40-55,True,53.03030303030303,132,511.84107053923077,2.368214107846154,1.4981193821689325
M30,15.0,15.0,20.0,2.0,3,4.0,45-60,40-55,True,53.03030303030303,132,511.84107053923077,2.368214107846154,1.4981193821689325
M30,15.0,15.0,15.0,2.0,3,2.0,45-60,40-55,True,53.03030303030303,132,511.84107053923077,2.368214107846154,1.4981193821689325
M30,15.0,15.0,20.0,2.0,4,2.0,45-60,40-55,True,53.03030303030303,132,511.84107053923077,2.368214107846154,1.4981193821689325
M30,15.0,15.0,15.0,1.5,3,2.0,45-60,40-55,True,53.03030303030303,132,511.84107053923077,2.368214107846154,1.4981193821689325
M30,15.0,15.0,15.0,2.0,4,4.0,45-60,40-55,True,53.03030303030303,132,511.84107053923077,2.368214107846154,1.4981193821689325
M30,15.0,15.0,10.0,1.5,4,2.0,45-60,40-55,True,65.41353383458647,133,511.72180079033694,2.3443601580673885,2.810718555067392
M30,15.0,15.0,10.0,1.5,3,2.0,45-60,40-55,True,65.41353383458647,133,511.72180079033694,2.3443601580673885,2.810718555067392
H1,15.0,20.0,10.0,2.0,3,2.0,45-60,40-55,True,56.81818181818182,44,511.71804189065193,2.3436083781303867,1.393700094160373
H1,15.0,20.0,10.0,2.0,4,2.0,45-60,40-55,True,56.81818181818182,44,511.71804189065193,2.3436083781303867,1.393700094160373
M30,20.0,20.0,20.0,1.5,3,4.0,45-60,40-55,True,52.38095238095239,126,511.62923808716783,2.325847617433567,2.774401527385583
M30,20.0,20.0,20.0,1.5,4,2.0,45-60,40-55,True,52.38095238095239,126,511.62923808716783,2.325847617433567,2.774401527385583
M30,20.0,20.0,20.0,1.5,3,2.0,45-60,40-55,True,52.38095238095239,126,511.62923808716783,2.325847617433567,2.774401527385583
M30,20.0,20.0,20.0,2.0,4,4.0,45-60,40-55,True,52.38095238095239,126,511.62923808716783,2.325847617433567,2.774401527385583
M30,20.0,20.0,20.0,2.0,4,2.0,45-60,40-55,True,52.38095238095239,126,511.62923808716783,2.325847617433567,2.774401527385583
M30,20.0,20.0,20.0,2.0,3,2.0,45-60,40-55,True,52.38095238095239,126,511.62923808716783,2.325847617433567,2.774401527385583
M30,20.0,20.0,20.0,1.5,4,4.0,45-60,40-55,True,52.38095238095239,126,511.62923808716783,2.325847617433567,2.774401527385583
M30,20.0,20.0,20.0,2.0,3,4.0,45-60,40-55,True,52.38095238095239,126,511.62923808716783,2.325847617433567,2.774401527385583
M30,20.0,20.0,10.0,2.0,3,4.0,45-60,40-55,True,75.96899224806202,129,510.9796544722363,2.195930894447258,6.897085789719531
M30,20.0,15.0,10.0,2.0,4,4.0,45-60,40-55,True,78.78787878787878,132,509.2109517202387,1.8421903440477423,8.600000000000378
M30,20.0,15.0,10.0,1.5,3,4.0,45-60,40-55,True,77.09923664122137,131,509.1364750317764,1.8272950063552797,4.8143544070873325
M30,15.0,20.0,10.0,1.5,3,2.0,45-60,40-55,True,60.30534351145038,131,508.9228776523455,1.784575530469101,2.7259577643381916
H1,15.0,20.0,10.0,2.0,3,4.0,30-70,30-70,False,50.80213903743316,187,508.76085407832943,1.752170815665886,4.135811675787369
H1,15.0,20.0,10.0,2.0,4,4.0,30-70,30-70,False,50.80213903743316,187,508.76085407832943,1.752170815665886,4.135811675787369
H1,20.0,20.0,10.0,2.0,4,2.0,45-60,40-55,True,75.60975609756098,41,506.99757417632935,1.3995148352658704,4.981406090751879
H1,20.0,20.0,10.0,2.0,3,2.0,45-60,40-55,True,75.60975609756098,41,506.99757417632935,1.3995148352658704,4.981406090751879
H1,20.0,15.0,20.0,1.5,4,4.0,45-60,40-55,True,61.904761904761905,42,506.924962427636,1.384992485527198,1.6941477757787335
H1,20.0,15.0,20.0,1.5,3,2.0,45-60,40-55,True,61.904761904761905,42,506.924962427636,1.384992485527198,1.6941477757787335
H1,20.0,15.0,20.0,2.0,4,4.0,45-60,40-55,True,61.904761904761905,42,506.924962427636,1.384992485527198,1.6941477757787335
H1,20.0,15.0,20.0,1.5,3,4.0,45-60,40-55,True,61.904761904761905,42,506.924962427636,1.384992485527198,1.6941477757787335
H1,20.0,15.0,20.0,2.0,3,2.0,45-60,40-55,True,61.904761904761905,42,506.924962427636,1.384992485527198,1.6941477757787335
H1,20.0,15.0,20.0,2.0,3,4.0,45-60,40-55,True,61.904761904761905,42,506.924962427636,1.384992485527198,1.6941477757787335
H1,20.0,15.0,20.0,2.0,4,2.0,45-60,40-55,True,61.904761904761905,42,506.924962427636,1.384992485527198,1.6941477757787335
H1,20.0,15.0,20.0,1.5,4,2.0,45-60,40-55,True,61.904761904761905,42,506.924962427636,1.384992485527198,1.6941477757787335
H1,15.0,20.0,10.0,1.5,4,2.0,30-70,30-70,False,51.87165775401069,187,506.8049133978903,1.3609826795780577,4.305853282580913
H1,15.0,20.0,10.0,1.5,3,2.0,30-70,30-70,False,51.87165775401069,187,506.8049133978903,1.3609826795780577,4.305853282580913
H1,15.0,15.0,10.0,2.0,3,2.0,45-60,40-55,True,59.09090909090909,44,506.55494577875845,1.3109891557516902,1.4919135402817265
H1,15.0,15.0,10.0,2.0,4,2.0,45-60,40-55,True,59.09090909090909,44,506.55494577875845,1.3109891557516902,1.4919135402817265
M15,20.0,15.0,10.0,1.5,3,2.0,45-60,40-55,True,85.71428571428571,168,506.53931088849436,1.3078621776988713,7.201961355515356
H1,30.0,15.0,15.0,2.0,3,4.0,45-60,40-55,True,87.8048780487805,41,506.3588362321069,1.271767246421382,5.559999999999614
H1,30.0,15.0,15.0,1.5,4,2.0,45-60,40-55,True,87.8048780487805,41,506.06653942539566,1.2133078850791321,4.045999999999869
M30,20.0,15.0,20.0,2.0,4,4.0,45-60,40-55,True,58.46153846153847,130,505.6443848241371,1.1288769648274184,2.6885745516098942
M30,20.0,15.0,20.0,2.0,3,4.0,45-60,40-55,True,58.46153846153847,130,505.6443848241371,1.1288769648274184,2.6885745516098942
M30,20.0,15.0,20.0,1.5,4,2.0,45-60,40-55,True,58.46153846153847,130,505.6443848241371,1.1288769648274184,2.6885745516098942
M30,20.0,15.0,20.0,2.0,3,2.0,45-60,40-55,True,58.46153846153847,130,505.6443848241371,1.1288769648274184,2.6885745516098942
M30,20.0,15.0,20.0,1.5,4,4.0,45-60,40-55,True,58.46153846153847,130,505.6443848241371,1.1288769648274184,2.6885745516098942
M30,20.0,15.0,20.0,2.0,4,2.0,45-60,40-55,True,58.46153846153847,130,505.6443848241371,1.1288769648274184,2.6885745516098942
M30,20.0,15.0,20.0,1.5,3,2.0,45-60,40-55,True,58.46153846153847,130,505.6443848241371,1.1288769648274184,2.6885745516098942
M30,20.0,15.0,20.0,1.5,3,4.0,45-60,40-55,True,58.46153846153847,130,505.6443848241371,1.1288769648274184,2.6885745516098942
M30,30.0,15.0,20.0,1.5,3,2.0,45-60,40-55,True,84.03361344537815,119,505.20300932932764,1.0406018658655285,7.860213467167563
H1,30.0,15.0,15.0,1.5,3,2.0,45-60,40-55,True,87.8048780487805,41,504.7055024575758,0.941100491515158,4.045999999999868
H1,20.0,15.0,10.0,2.0,3,2.0,45-60,40-55,True,78.57142857142857,42,503.8931620111605,0.7786324022320968,4.981406090751866
H1,20.0,15.0,10.0,2.0,4,2.0,45-60,40-55,True,78.57142857142857,42,503.8931620111605,0.7786324022320968,4.981406090751866
H1,20.0,20.0,20.0,1.5,4,2.0,45-60,40-55,True,52.5,40,503.8548036294541,0.7709607258908249,1.204691280783277
H1,20.0,20.0,20.0,1.5,3,4.0,45-60,40-55,True,52.5,40,503.8548036294541,0.7709607258908249,1.204691280783277
H1,20.0,20.0,20.0,1.5,4,4.0,45-60,40-55,True,52.5,40,503.8548036294541,0.7709607258908249,1.204691280783277
H1,20.0,20.0,20.0,1.5,3,2.0,45-60,40-55,True,52.5,40,503.8548036294541,0.7709607258908249,1.204691280783277
H1,20.0,20.0,20.0,2.0,3,4.0,45-60,40-55,True,52.5,40,503.8548036294541,0.7709607258908249,1.204691280783277
H1,20.0,20.0,20.0,2.0,4,2.0,45-60,40-55,True,52.5,40,503.8548036294541,0.7709607258908249,1.204691280783277
H1,20.0,20.0,20.0,2.0,4,4.0,45-60,40-55,True,52.5,40,503.8548036294541,0.7709607258908249,1.204691280783277
H1,20.0,20.0,20.0,2.0,3,2.0,45-60,40-55,True,52.5,40,503.8548036294541,0.7709607258908249,1.204691280783277
H1,20.0,15.0,15.0,2.0,4,4.0,45-60,40-55,True,70.73170731707317,41,503.72852424867483,0.7457048497349661,5.1175206121025765
M30,15.0,20.0,20.0,2.0,4,4.0,30-70,30-70,False,43.29896907216495,291,503.63852076168416,0.7277041523368325,5.222608329714111
M30,15.0,20.0,20.0,2.0,4,2.0,30-70,30-70,False,43.29896907216495,291,503.63852076168416,0.7277041523368325,5.222608329714111
M30,15.0,20.0,15.0,1.5,3,2.0,30-70,30-70,False,43.29896907216495,291,503.63852076168416,0.7277041523368325,5.222608329714111
M30,15.0,20.0,15.0,1.5,3,4.0,30-70,30-70,False,43.29896907216495,291,503.63852076168416,0.7277041523368325,5.222608329714111
M30,15.0,20.0,15.0,1.5,4,2.0,30-70,30-70,False,43.29896907216495,291,503.63852076168416,0.7277041523368325,5.222608329714111
M30,15.0,20.0,15.0,1.5,4,4.0,30-70,30-70,False,43.29896907216495,291,503.63852076168416,0.7277041523368325,5.222608329714111
M30,15.0,20.0,15.0,2.0,3,2.0,30-70,30-70,False,43.29896907216495,291,503.63852076168416,0.7277041523368325,5.222608329714111
M30,15.0,20.0,15.0,2.0,3,4.0,30-70,30-70,False,43.29896907216495,291,503.63852076168416,0.7277041523368325,5.222608329714111
M30,15.0,20.0,15.0,2.0,4,2.0,30-70,30-70,False,43.29896907216495,291,503.63852076168416,0.7277041523368325,5.222608329714111
M30,15.0,20.0,15.0,2.0,4,4.0,30-70,30-70,False,43.29896907216495,291,503.63852076168416,0.7277041523368325,5.222608329714111
M30,15.0,20.0,20.0,1.5,3,2.0,30-70,30-70,False,43.29896907216495,291,503.63852076168416,0.7277041523368325,5.222608329714111
M30,15.0,20.0,20.0,1.5,3,4.0,30-70,30-70,False,43.29896907216495,291,503.63852076168416,0.7277041523368325,5.222608329714111
M30,15.0,20.0,20.0,1.5,4,2.0,30-70,30-70,False,43.29896907216495,291,503.63852076168416,0.7277041523368325,5.222608329714111
M30,15.0,20.0,20.0,1.5,4,4.0,30-70,30-70,False,43.29896907216495,291,503.63852076168416,0.7277041523368325,5.222608329714111
M30,15.0,20.0,20.0,2.0,3,2.0,30-70,30-70,False,43.29896907216495,291,503.63852076168416,0.7277041523368325,5.222608329714111
M30,15.0,20.0,20.0,2.0,3,4.0,30-70,30-70,False,43.29896907216495,291,503.63852076168416,0.7277041523368325,5.222608329714111
H1,20.0,15.0,15.0,1.5,4,2.0,45-60,40-55,True,70.73170731707317,41,502.8045019499097,0.5609003899819412,4.064150849282225
M15,15.0,20.0,10.0,1.5,3,2.0,45-60,40-55,True,66.07142857142857,168,502.4160173078061,0.4832034615612202,6.139584144912857
M30,15.0,15.0,10.0,1.5,4,4.0,45-60,40-55,True,63.63636363636363,132,502.303571770229,0.46071435404579686,4.793261071123912
M30,15.0,15.0,10.0,1.5,3,4.0,45-60,40-55,True,63.63636363636363,132,502.303571770229,0.46071435404579686,4.793261071123912
H1,20.0,15.0,15.0,1.5,3,2.0,45-60,40-55,True,70.73170731707317,41,502.12791478057795,0.42558295611559055,4.064150849282221
M30,30.0,20.0,20.0,2.0,3,4.0,45-60,40-55,True,83.47826086956522,115,501.7606010813385,0.3521202162677014,13.71095348726106
H1,30.0,20.0,15.0,2.0,3,2.0,30-70,30-70,False,84.10596026490066,151,501.59040249527555,0.318080499055111,8.023503680899966
H1,15.0,20.0,10.0,1.5,4,4.0,45-60,40-55,True,51.162790697674424,43,501.45434017724796,0.2908680354495914,1.8832096304130346
H1,15.0,20.0,10.0,1.5,3,4.0,45-60,40-55,True,51.162790697674424,43,501.45434017724796,0.2908680354495914,1.8832096304130346
M30,15.0,15.0,20.0,1.5,3,2.0,30-70,30-70,False,50.15479876160991,323,500.7738494554399,0.15476989108798306,4.429083827898855
M30,15.0,15.0,15.0,2.0,3,2.0,30-70,30-70,False,50.15479876160991,323,500.7738494554399,0.15476989108798306,4.429083827898855
M30,15.0,15.0,20.0,2.0,4,2.0,30-70,30-70,False,50.15479876160991,323,500.7738494554399,0.15476989108798306,4.429083827898855
M30,15.0,15.0,20.0,2.0,4,4.0,30-70,30-70,False,50.15479876160991,323,500.7738494554399,0.15476989108798306,4.429083827898855
M30,15.0,15.0,15.0,2.0,4,2.0,30-70,30-70,False,50.15479876160991,323,500.7738494554399,0.15476989108798306,4.429083827898855
M30,15.0,15.0,15.0,2.0,3,4.0,30-70,30-70,False,50.15479876160991,323,500.7738494554399,0.15476989108798306,4.429083827898855
M30,15.0,15.0,20.0,1.5,3,4.0,30-70,30-70,False,50.15479876160991,323,500.7738494554399,0.15476989108798306,4.429083827898855
M30,15.0,15.0,20.0,1.5,4,4.0,30-70,30-70,False,50.15479876160991,323,500.7738494554399,0.15476989108798306,4.429083827898855
M30,15.0,15.0,15.0,1.5,4,4.0,30-70,30-70,False,50.15479876160991,323,500.7738494554399,0.15476989108798306,4.429083827898855
M30,15.0,15.0,20.0,2.0,3,2.0,30-70,30-70,False,50.15479876160991,323,500.7738494554399,0.15476989108798306,4.429083827898855
M30,15.0,15.0,15.0,2.0,4,4.0,30-70,30-70,False,50.15479876160991,323,500.7738494554399,0.15476989108798306,4.429083827898855
M30,15.0,15.0,15.0,1.5,4,2.0,30-70,30-70,False,50.15479876160991,323,500.7738494554399,0.15476989108798306,4.429083827898855
M30,15.0,15.0,20.0,1.5,4,2.0,30-70,30-70,False,50.15479876160991,323,500.7738494554399,0.15476989108798306,4.429083827898855
M30,15.0,15.0,15.0,1.5,3,4.0,30-70,30-70,False,50.15479876160991,323,500.7738494554399,0.15476989108798306,4.429083827898855
M30,15.0,15.0,15.0,1.5,3,2.0,30-70,30-70,False,50.15479876160991,323,500.7738494554399,0.15476989108798306,4.429083827898855
M30,15.0,15.0,20.0,2.0,3,4.0,30-70,30-70,False,50.15479876160991,323,500.7738494554399,0.15476989108798306,4.429083827898855
H1,15.0,20.0,10.0,2.0,4,4.0,45-60,40-55,True,51.162790697674424,43,500.73489597265046,0.14697919453009264,2.0630758653839507
H1,15.0,20.0,10.0,2.0,3,4.0,45-60,40-55,True,51.162790697674424,43,500.73489597265046,0.14697919453009264,2.0630758653839507
M30,20.0,15.0,10.0,1.5,4,2.0,45-60,40-55,True,78.78787878787878,132,500.56386427345524,0.11277285469104754,5.637276789128926
H1,20.0,15.0,15.0,2.0,3,4.0,45-60,40-55,True,70.73170731707317,41,500.54288931271503,0.10857786254300664,5.117520612102567
H1,30.0,15.0,15.0,2.0,4,2.0,45-60,40-55,True,87.8048780487805,41,500.5311947801468,0.10623895602935819,5.559999999999609
M15,15.0,15.0,15.0,1.5,4,4.0,30-70,30-70,False,50.11600928074246,431,500.53053140074815,0.10610628014962913,7.859052828021112
M15,15.0,15.0,15.0,1.5,4,2.0,30-70,30-70,False,50.11600928074246,431,500.53053140074815,0.10610628014962913,7.859052828021112
M15,15.0,15.0,15.0,1.5,3,4.0,30-70,30-70,False,50.11600928074246,431,500.53053140074815,0.10610628014962913,7.859052828021112
M15,15.0,15.0,15.0,2.0,4,2.0,30-70,30-70,False,50.11600928074246,431,500.53053140074815,0.10610628014962913,7.859052828021112
M15,15.0,15.0,15.0,2.0,3,2.0,30-70,30-70,False,50.11600928074246,431,500.53053140074815,0.10610628014962913,7.859052828021112
M15,15.0,15.0,15.0,2.0,3,4.0,30-70,30-70,False,50.11600928074246,431,500.53053140074815,0.10610628014962913,7.859052828021112
M15,15.0,15.0,15.0,1.5,3,2.0,30-70,30-70,False,50.11600928074246,431,500.53053140074815,0.10610628014962913,7.859052828021112
M15,15.0,15.0,20.0,2.0,4,4.0,30-70,30-70,False,50.11600928074246,431,500.53053140074815,0.10610628014962913,7.859052828021112
M15,15.0,15.0,20.0,2.0,4,2.0,30-70,30-70,False,50.11600928074246,431,500.53053140074815,0.10610628014962913,7.859052828021112
M15,15.0,15.0,20.0,2.0,3,4.0,30-70,30-70,False,50.11600928074246,431,500.53053140074815,0.10610628014962913,7.859052828021112
M15,15.0,15.0,20.0,2.0,3,2.0,30-70,30-70,False,50.11600928074246,431,500.53053140074815,0.10610628014962913,7.859052828021112
M15,15.0,15.0,20.0,1.5,4,4.0,30-70,30-70,False,50.11600928074246,431,500.53053140074815,0.10610628014962913,7.859052828021112
M15,15.0,15.0,20.0,1.5,4,2.0,30-70,30-70,False,50.11600928074246,431,500.53053140074815,0.10610628014962913,7.859052828021112
M15,15.0,15.0,20.0,1.5,3,4.0,30-70,30-70,False,50.11600928074246,431,500.53053140074815,0.10610628014962913,7.859052828021112
M15,15.0,15.0,20.0,1.5,3,2.0,30-70,30-70,False,50.11600928074246,431,500.53053140074815,0.10610628014962913,7.859052828021112
M15,15.0,15.0,15.0,2.0,4,4.0,30-70,30-70,False,50.11600928074246,431,500.53053140074815,0.10610628014962913,7.859052828021112
M15,30.0,15.0,10.0,2.0,3,4.0,45-60,40-55,True,92.7710843373494,166,500.50861426197497,0.10172285239499387,15.728815612450878
H1,30.0,15.0,15.0,1.5,4,2.0,30-70,30-70,False,86.875,160,500.421045158201,0.08420903164020502,9.149065173163923
M30,20.0,20.0,10.0,1.5,3,4.0,45-60,40-55,True,74.4186046511628,129,500.2578750476123,0.05157500952245755,5.840721178120429
